"","time","chord_named","tran_chord_named","roman_num","norm_roman_num","one_lag_tran","two_lag_tran","three_lag_tran","four_lag_tran","composer","piece","Tonality","Type"
"1",960,"A#/Bbmaj","Amaj","VI","VI",NA,NA,NA,NA,"Dvorak","Symphony 9, Mvt. 2 Largo","Major","Symphony"
"2",2880,"C#/Dbmaj","Cmaj","I","I","Amaj",NA,NA,NA,"Dvorak","Symphony 9, Mvt. 2 Largo","Major","Symphony"
"3",4800,"F#/Gbmin","Fmin","iv","iv","Cmaj","Amaj",NA,NA,"Dvorak","Symphony 9, Mvt. 2 Largo","Major","Symphony"
"4",5760,"C#/Dbmaj","Cmaj","I","I","Fmin","Cmaj","Amaj",NA,"Dvorak","Symphony 9, Mvt. 2 Largo","Major","Symphony"
"5",19200,"F#/Gbmaj","Fmaj","IV","IV","Cmaj","Fmin","Cmaj","Amaj","Dvorak","Symphony 9, Mvt. 2 Largo","Major","Symphony"
"6",30720,"D#/Ebhalfdim7","Dhalfdim7","iiø7","iiº","Fmaj","Cmaj","Fmin","Cmaj","Dvorak","Symphony 9, Mvt. 2 Largo","Major","Symphony"
"7",32640,"D#/Ebmin","Dmin","ii","ii","Dhalfdim7","Fmaj","Cmaj","Fmin","Dvorak","Symphony 9, Mvt. 2 Largo","Major","Symphony"
"8",36480,"C#/Dbmaj","Cmaj","I","I","Dmin","Dhalfdim7","Fmaj","Cmaj","Dvorak","Symphony 9, Mvt. 2 Largo","Major","Symphony"
"9",38400,"C#/Dbmaj","Cmaj","I","I","Cmaj","Dmin","Dhalfdim7","Fmaj","Dvorak","Symphony 9, Mvt. 2 Largo","Major","Symphony"
"10",39360,"A#/Bbmaj","Amaj","VI","VI","Cmaj","Cmaj","Dmin","Dhalfdim7","Dvorak","Symphony 9, Mvt. 2 Largo","Major","Symphony"
"11",40320,"F#/Gbdom7","Fdom7","VI7","VI","Amaj","Cmaj","Cmaj","Dmin","Dvorak","Symphony 9, Mvt. 2 Largo","Major","Symphony"
"12",41280,"D#/Ebmin","Dmin","ii","ii","Fdom7","Amaj","Cmaj","Cmaj","Dvorak","Symphony 9, Mvt. 2 Largo","Major","Symphony"
"13",42240,"C#/Dbmaj","Cmaj","I","I","Dmin","Fdom7","Amaj","Cmaj","Dvorak","Symphony 9, Mvt. 2 Largo","Major","Symphony"
"14",45120,"C#/Dbmaj","Cmaj","I","I","Cmaj","Dmin","Fdom7","Amaj","Dvorak","Symphony 9, Mvt. 2 Largo","Major","Symphony"
"15",48000,"A#/Bbmin","Amin","vi","vi","Cmaj","Cmaj","Dmin","Fdom7","Dvorak","Symphony 9, Mvt. 2 Largo","Major","Symphony"
"16",49920,"C#/Dbmaj","Cmaj","I","I","Amin","Cmaj","Cmaj","Dmin","Dvorak","Symphony 9, Mvt. 2 Largo","Major","Symphony"
"17",51840,"A#/Bbmin","Amin","vi","vi","Cmaj","Amin","Cmaj","Cmaj","Dvorak","Symphony 9, Mvt. 2 Largo","Major","Symphony"
"18",57600,"A#/Bbmin","Amin","vi","vi","Amin","Cmaj","Amin","Cmaj","Dvorak","Symphony 9, Mvt. 2 Largo","Major","Symphony"
"19",67680,"Fmin","Emin","iii","iii","Amin","Amin","Cmaj","Amin","Dvorak","Symphony 9, Mvt. 2 Largo","Major","Symphony"
"20",68160,"D#/Ebmin7","Dmin7","ii7","ii","Emin","Amin","Amin","Cmaj","Dvorak","Symphony 9, Mvt. 2 Largo","Major","Symphony"
"21",69120,"C#/Dbmaj","Cmaj","I","I","Dmin7","Emin","Amin","Amin","Dvorak","Symphony 9, Mvt. 2 Largo","Major","Symphony"
"22",70080,"D#/Ebmin7","Dmin7","ii7","ii","Cmaj","Dmin7","Emin","Amin","Dvorak","Symphony 9, Mvt. 2 Largo","Major","Symphony"
"23",71040,"C#/Dbmaj","Cmaj","I","I","Dmin7","Cmaj","Dmin7","Emin","Dvorak","Symphony 9, Mvt. 2 Largo","Major","Symphony"
"24",72000,"D#/Ebmin7","Dmin7","ii7","ii","Cmaj","Dmin7","Cmaj","Dmin7","Dvorak","Symphony 9, Mvt. 2 Largo","Major","Symphony"
"25",23040,"C#/Dbmaj","Cmaj","I","I","Dmin7","Cmaj","Dmin7","Cmaj","Dvorak","Symphony 9, Mvt. 2 Largo","Major","Symphony"
"26",24960,"Cdim","Bdim","viiº","viiº","Cmaj","Dmin7","Cmaj","Dmin7","Dvorak","Symphony 9, Mvt. 2 Largo","Major","Symphony"
"27",26880,"C#/Dbmaj","Cmaj","I","I","Bdim","Cmaj","Dmin7","Cmaj","Dvorak","Symphony 9, Mvt. 2 Largo","Major","Symphony"
"28",27360,"G#/Abmaj","Gmaj","V","V","Cmaj","Bdim","Cmaj","Dmin7","Dvorak","Symphony 9, Mvt. 2 Largo","Major","Symphony"
"29",27840,"A#/Bbmin","Amin","vi","vi","Gmaj","Cmaj","Bdim","Cmaj","Dvorak","Symphony 9, Mvt. 2 Largo","Major","Symphony"
"30",29760,"C#/Dbmaj","Cmaj","I","I","Amin","Gmaj","Cmaj","Bdim","Dvorak","Symphony 9, Mvt. 2 Largo","Major","Symphony"
"31",74880,"C#/Dbmaj","Cmaj","I","I","Cmaj","Amin","Gmaj","Cmaj","Dvorak","Symphony 9, Mvt. 2 Largo","Major","Symphony"
"32",76800,"C#/Dbmaj","Cmaj","I","I","Cmaj","Cmaj","Amin","Gmaj","Dvorak","Symphony 9, Mvt. 2 Largo","Major","Symphony"
"33",62400,"C#/Dbmaj","Cmaj","I","I","Cmaj","Cmaj","Cmaj","Amin","Dvorak","Symphony 9, Mvt. 2 Largo","Major","Symphony"
"34",43200,"C#/Dbmaj","Cmaj","I","I","Cmaj","Cmaj","Cmaj","Cmaj","Dvorak","Symphony 9, Mvt. 2 Largo","Major","Symphony"
"35",4980,"Dmaj","Dmaj","V/V","V/V",NA,NA,NA,NA,"Dvorak","Rusalka, 5.Ballet: Slavnostní hudba (Polonaise)","Minor","Ballet"
"36",21360,"Gmin","Gmin","ii/IV","ii/IV","Dmaj",NA,NA,NA,"Dvorak","Rusalka, 5.Ballet: Slavnostní hudba (Polonaise)","Minor","Ballet"
"37",21420,"Fmin","Fmin","iv","iv","Gmin","Dmaj",NA,NA,"Dvorak","Rusalka, 5.Ballet: Slavnostní hudba (Polonaise)","Minor","Ballet"
"38",21480,"Ddim","Ddim","iiº","iiº","Fmin","Gmin","Dmaj",NA,"Dvorak","Rusalka, 5.Ballet: Slavnostní hudba (Polonaise)","Minor","Ballet"
"39",21720,"Gmin","Gmin","ii/IV","ii/IV","Ddim","Fmin","Gmin","Dmaj","Dvorak","Rusalka, 5.Ballet: Slavnostní hudba (Polonaise)","Minor","Ballet"
"40",21780,"Fmin","Fmin","iv","iv","Gmin","Ddim","Fmin","Gmin","Dvorak","Rusalka, 5.Ballet: Slavnostní hudba (Polonaise)","Minor","Ballet"
"41",21840,"Ddim","Ddim","iiº","iiº","Fmin","Gmin","Ddim","Fmin","Dvorak","Rusalka, 5.Ballet: Slavnostní hudba (Polonaise)","Minor","Ballet"
"42",22020,"Ddim","Ddim","iiº","iiº","Ddim","Fmin","Gmin","Ddim","Dvorak","Rusalka, 5.Ballet: Slavnostní hudba (Polonaise)","Minor","Ballet"
"43",22080,"Gmin","Gmin","ii/IV","ii/IV","Ddim","Ddim","Fmin","Gmin","Dvorak","Rusalka, 5.Ballet: Slavnostní hudba (Polonaise)","Minor","Ballet"
"44",22140,"Fmin","Fmin","iv","iv","Gmin","Ddim","Ddim","Fmin","Dvorak","Rusalka, 5.Ballet: Slavnostní hudba (Polonaise)","Minor","Ballet"
"45",22320,"Gmin","Gmin","ii/IV","ii/IV","Fmin","Gmin","Ddim","Ddim","Dvorak","Rusalka, 5.Ballet: Slavnostní hudba (Polonaise)","Minor","Ballet"
"46",22380,"Fmin","Fmin","iv","iv","Gmin","Fmin","Gmin","Ddim","Dvorak","Rusalka, 5.Ballet: Slavnostní hudba (Polonaise)","Minor","Ballet"
"47",22440,"Ddim","Ddim","iiº","iiº","Fmin","Gmin","Fmin","Gmin","Dvorak","Rusalka, 5.Ballet: Slavnostní hudba (Polonaise)","Minor","Ballet"
"48",22560,"Cmin","Cmin","i","i","Ddim","Fmin","Gmin","Fmin","Dvorak","Rusalka, 5.Ballet: Slavnostní hudba (Polonaise)","Minor","Ballet"
"49",22650,"Gmin","Gmin","ii/IV","ii/IV","Cmin","Ddim","Fmin","Gmin","Dvorak","Rusalka, 5.Ballet: Slavnostní hudba (Polonaise)","Minor","Ballet"
"50",47400,"Gmin7","Gmin7","ii7/IV","ii/IV","Gmin","Cmin","Ddim","Fmin","Dvorak","Rusalka, 5.Ballet: Slavnostní hudba (Polonaise)","Minor","Ballet"
"51",48120,"Gmin7","Gmin7","ii7/IV","ii/IV","Gmin7","Gmin","Cmin","Ddim","Dvorak","Rusalka, 5.Ballet: Slavnostní hudba (Polonaise)","Minor","Ballet"
"52",34080,"Cmin","Cmin","i","i","Gmin7","Gmin7","Gmin","Cmin","Dvorak","Rusalka, 5.Ballet: Slavnostní hudba (Polonaise)","Minor","Ballet"
"53",44100,"Fmaj","Fmaj","IV","IV","Cmin","Gmin7","Gmin7","Gmin","Dvorak","Rusalka, 5.Ballet: Slavnostní hudba (Polonaise)","Minor","Ballet"
"54",44440,"Fmin7","Fmin7","iv7","iv","Fmaj","Cmin","Gmin7","Gmin7","Dvorak","Rusalka, 5.Ballet: Slavnostní hudba (Polonaise)","Minor","Ballet"
"55",44480,"Fmin7","Fmin7","iv7","iv","Fmin7","Fmaj","Cmin","Gmin7","Dvorak","Rusalka, 5.Ballet: Slavnostní hudba (Polonaise)","Minor","Ballet"
"56",45160,"Cmin","Cmin","i","i","Fmin7","Fmin7","Fmaj","Cmin","Dvorak","Rusalka, 5.Ballet: Slavnostní hudba (Polonaise)","Minor","Ballet"
"57",45200,"Cmin","Cmin","i","i","Cmin","Fmin7","Fmin7","Fmaj","Dvorak","Rusalka, 5.Ballet: Slavnostní hudba (Polonaise)","Minor","Ballet"
"58",45520,"Cmin","Cmin","i","i","Cmin","Cmin","Fmin7","Fmin7","Dvorak","Rusalka, 5.Ballet: Slavnostní hudba (Polonaise)","Minor","Ballet"
"59",45560,"Cmin","Cmin","i","i","Cmin","Cmin","Cmin","Fmin7","Dvorak","Rusalka, 5.Ballet: Slavnostní hudba (Polonaise)","Minor","Ballet"
"60",1880,"Ddim","Ddim","iiº","iiº","Cmin","Cmin","Cmin","Cmin","Dvorak","Rusalka, 5.Ballet: Slavnostní hudba (Polonaise)","Minor","Ballet"
"61",2000,"Ddim","Ddim","iiº","iiº","Ddim","Cmin","Cmin","Cmin","Dvorak","Rusalka, 5.Ballet: Slavnostní hudba (Polonaise)","Minor","Ballet"
"62",2120,"Ddim","Ddim","iiº","iiº","Ddim","Ddim","Cmin","Cmin","Dvorak","Rusalka, 5.Ballet: Slavnostní hudba (Polonaise)","Minor","Ballet"
"63",2240,"Ddim","Ddim","iiº","iiº","Ddim","Ddim","Ddim","Cmin","Dvorak","Rusalka, 5.Ballet: Slavnostní hudba (Polonaise)","Minor","Ballet"
"64",2320,"Ddim","Ddim","iiº","iiº","Ddim","Ddim","Ddim","Ddim","Dvorak","Rusalka, 5.Ballet: Slavnostní hudba (Polonaise)","Minor","Ballet"
"65",2360,"Fmin","Fmin","iv","iv","Ddim","Ddim","Ddim","Ddim","Dvorak","Rusalka, 5.Ballet: Slavnostní hudba (Polonaise)","Minor","Ballet"
"66",5400,"Gmin","Gmin","ii/IV","ii/IV","Fmin","Ddim","Ddim","Ddim","Dvorak","Rusalka, 5.Ballet: Slavnostní hudba (Polonaise)","Minor","Ballet"
"67",5460,"Gmin","Gmin","ii/IV","ii/IV","Gmin","Fmin","Ddim","Ddim","Dvorak","Rusalka, 5.Ballet: Slavnostní hudba (Polonaise)","Minor","Ballet"
"68",5580,"Gmin","Gmin","ii/IV","ii/IV","Gmin","Gmin","Fmin","Ddim","Dvorak","Rusalka, 5.Ballet: Slavnostní hudba (Polonaise)","Minor","Ballet"
"69",5610,"Gmin","Gmin","ii/IV","ii/IV","Gmin","Gmin","Gmin","Fmin","Dvorak","Rusalka, 5.Ballet: Slavnostní hudba (Polonaise)","Minor","Ballet"
"70",5640,"Gmin","Gmin","ii/IV","ii/IV","Gmin","Gmin","Gmin","Gmin","Dvorak","Rusalka, 5.Ballet: Slavnostní hudba (Polonaise)","Minor","Ballet"
"71",5720,"Gmin","Gmin","ii/IV","ii/IV","Gmin","Gmin","Gmin","Gmin","Dvorak","Rusalka, 5.Ballet: Slavnostní hudba (Polonaise)","Minor","Ballet"
"72",4562,"Fmin7","Fmin7","iv7","iv","Gmin","Gmin","Gmin","Gmin","Dvorak","Rusalka, 5.Ballet: Slavnostní hudba (Polonaise)","Minor","Ballet"
"73",4802,"Gmin","Gmin","ii/IV","ii/IV","Fmin7","Gmin","Gmin","Gmin","Dvorak","Rusalka, 5.Ballet: Slavnostní hudba (Polonaise)","Minor","Ballet"
"74",4982,"Dmaj","Dmaj","V/V","V/V","Gmin","Fmin7","Gmin","Gmin","Dvorak","Rusalka, 5.Ballet: Slavnostní hudba (Polonaise)","Minor","Ballet"
"75",24722,"Fmin7","Fmin7","iv7","iv","Dmaj","Gmin","Fmin7","Gmin","Dvorak","Rusalka, 5.Ballet: Slavnostní hudba (Polonaise)","Minor","Ballet"
"76",25502,"Gmin","Gmin","ii/IV","ii/IV","Fmin7","Dmaj","Gmin","Fmin7","Dvorak","Rusalka, 5.Ballet: Slavnostní hudba (Polonaise)","Minor","Ballet"
"77",42482,"Gmin","Gmin","ii/IV","ii/IV","Gmin","Fmin7","Dmaj","Gmin","Dvorak","Rusalka, 5.Ballet: Slavnostní hudba (Polonaise)","Minor","Ballet"
"78",45122,"Cmin","Cmin","i","i","Gmin","Gmin","Fmin7","Dmaj","Dvorak","Rusalka, 5.Ballet: Slavnostní hudba (Polonaise)","Minor","Ballet"
"79",45162,"Cmin","Cmin","i","i","Cmin","Gmin","Gmin","Fmin7","Dvorak","Rusalka, 5.Ballet: Slavnostní hudba (Polonaise)","Minor","Ballet"
"80",45202,"Cmin","Cmin","i","i","Cmin","Cmin","Gmin","Gmin","Dvorak","Rusalka, 5.Ballet: Slavnostní hudba (Polonaise)","Minor","Ballet"
"81",45482,"Cmin","Cmin","i","i","Cmin","Cmin","Cmin","Gmin","Dvorak","Rusalka, 5.Ballet: Slavnostní hudba (Polonaise)","Minor","Ballet"
"82",45522,"Cmin","Cmin","i","i","Cmin","Cmin","Cmin","Cmin","Dvorak","Rusalka, 5.Ballet: Slavnostní hudba (Polonaise)","Minor","Ballet"
"83",45562,"Cmin","Cmin","i","i","Cmin","Cmin","Cmin","Cmin","Dvorak","Rusalka, 5.Ballet: Slavnostní hudba (Polonaise)","Minor","Ballet"
"84",5038,"Gmin","Gmin","ii/IV","ii/IV","Cmin","Cmin","Cmin","Cmin","Dvorak","Rusalka, 5.Ballet: Slavnostní hudba (Polonaise)","Minor","Ballet"
"85",3240,"Fmaj","Cmaj","I","I",NA,NA,NA,NA,"Dvorak","String Quartet 12, mvt. 1","Major","String Quartet"
"86",3360,"Dmin","Amin","vi","vi","Cmaj",NA,NA,NA,"Dvorak","String Quartet 12, mvt. 1","Major","String Quartet"
"87",3600,"Dmin","Amin","vi","vi","Amin","Cmaj",NA,NA,"Dvorak","String Quartet 12, mvt. 1","Major","String Quartet"
"88",3840,"Fmaj","Cmaj","I","I","Amin","Amin","Cmaj",NA,"Dvorak","String Quartet 12, mvt. 1","Major","String Quartet"
"89",4320,"Fmaj","Cmaj","I","I","Cmaj","Amin","Amin","Cmaj","Dvorak","String Quartet 12, mvt. 1","Major","String Quartet"
"90",4800,"Fmaj","Cmaj","I","I","Cmaj","Cmaj","Amin","Amin","Dvorak","String Quartet 12, mvt. 1","Major","String Quartet"
"91",4980,"Dmin","Amin","vi","vi","Cmaj","Cmaj","Cmaj","Amin","Dvorak","String Quartet 12, mvt. 1","Major","String Quartet"
"92",5100,"Dmin","Amin","vi","vi","Amin","Cmaj","Cmaj","Cmaj","Dvorak","String Quartet 12, mvt. 1","Major","String Quartet"
"93",5280,"Fmaj","Cmaj","I","I","Amin","Amin","Cmaj","Cmaj","Dvorak","String Quartet 12, mvt. 1","Major","String Quartet"
"94",5460,"Dmin","Amin","vi","vi","Cmaj","Amin","Amin","Cmaj","Dvorak","String Quartet 12, mvt. 1","Major","String Quartet"
"95",5580,"Dmin","Amin","vi","vi","Amin","Cmaj","Amin","Amin","Dvorak","String Quartet 12, mvt. 1","Major","String Quartet"
"96",5760,"Fmaj","Cmaj","I","I","Amin","Amin","Cmaj","Amin","Dvorak","String Quartet 12, mvt. 1","Major","String Quartet"
"97",5940,"Fmaj","Cmaj","I","I","Cmaj","Amin","Amin","Cmaj","Dvorak","String Quartet 12, mvt. 1","Major","String Quartet"
"98",6000,"Fmaj","Cmaj","I","I","Cmaj","Cmaj","Amin","Amin","Dvorak","String Quartet 12, mvt. 1","Major","String Quartet"
"99",7080,"Fmaj","Cmaj","I","I","Cmaj","Cmaj","Cmaj","Amin","Dvorak","String Quartet 12, mvt. 1","Major","String Quartet"
"100",7200,"Dmin","Amin","vi","vi","Cmaj","Cmaj","Cmaj","Cmaj","Dvorak","String Quartet 12, mvt. 1","Major","String Quartet"
"101",7440,"Dmin","Amin","vi","vi","Amin","Cmaj","Cmaj","Cmaj","Dvorak","String Quartet 12, mvt. 1","Major","String Quartet"
"102",7680,"Fmaj","Cmaj","I","I","Amin","Amin","Cmaj","Cmaj","Dvorak","String Quartet 12, mvt. 1","Major","String Quartet"
"103",8160,"Fmaj","Cmaj","I","I","Cmaj","Amin","Amin","Cmaj","Dvorak","String Quartet 12, mvt. 1","Major","String Quartet"
"104",8640,"Fmaj","Cmaj","I","I","Cmaj","Cmaj","Amin","Amin","Dvorak","String Quartet 12, mvt. 1","Major","String Quartet"
"105",8820,"Dmin","Amin","vi","vi","Cmaj","Cmaj","Cmaj","Amin","Dvorak","String Quartet 12, mvt. 1","Major","String Quartet"
"106",8940,"Dmin","Amin","vi","vi","Amin","Cmaj","Cmaj","Cmaj","Dvorak","String Quartet 12, mvt. 1","Major","String Quartet"
"107",9120,"Fmaj","Cmaj","I","I","Amin","Amin","Cmaj","Cmaj","Dvorak","String Quartet 12, mvt. 1","Major","String Quartet"
"108",9300,"Dmin","Amin","vi","vi","Cmaj","Amin","Amin","Cmaj","Dvorak","String Quartet 12, mvt. 1","Major","String Quartet"
"109",9420,"Dmin","Amin","vi","vi","Amin","Cmaj","Amin","Amin","Dvorak","String Quartet 12, mvt. 1","Major","String Quartet"
"110",9600,"Fmaj","Cmaj","I","I","Amin","Amin","Cmaj","Amin","Dvorak","String Quartet 12, mvt. 1","Major","String Quartet"
"111",9780,"Fmaj","Cmaj","I","I","Cmaj","Amin","Amin","Cmaj","Dvorak","String Quartet 12, mvt. 1","Major","String Quartet"
"112",9840,"Fmaj","Cmaj","I","I","Cmaj","Cmaj","Amin","Amin","Dvorak","String Quartet 12, mvt. 1","Major","String Quartet"
"113",10080,"Dmin","Amin","vi","vi","Cmaj","Cmaj","Cmaj","Amin","Dvorak","String Quartet 12, mvt. 1","Major","String Quartet"
"114",11520,"Fmaj","Cmaj","I","I","Amin","Cmaj","Cmaj","Cmaj","Dvorak","String Quartet 12, mvt. 1","Major","String Quartet"
"115",12480,"Dmin","Amin","vi","vi","Cmaj","Amin","Cmaj","Cmaj","Dvorak","String Quartet 12, mvt. 1","Major","String Quartet"
"116",14580,"Gmin","Dmin","ii","ii","Amin","Cmaj","Amin","Cmaj","Dvorak","String Quartet 12, mvt. 1","Major","String Quartet"
"117",14820,"Gmin","Dmin","ii","ii","Dmin","Amin","Cmaj","Amin","Dvorak","String Quartet 12, mvt. 1","Major","String Quartet"
"118",15060,"Gmin","Dmin","ii","ii","Dmin","Dmin","Amin","Cmaj","Dvorak","String Quartet 12, mvt. 1","Major","String Quartet"
"119",15300,"Gmin","Dmin","ii","ii","Dmin","Dmin","Dmin","Amin","Dvorak","String Quartet 12, mvt. 1","Major","String Quartet"
"120",20040,"Dmin","Amin","vi","vi","Dmin","Dmin","Dmin","Dmin","Dvorak","String Quartet 12, mvt. 1","Major","String Quartet"
"121",20160,"Fmaj","Cmaj","I","I","Amin","Dmin","Dmin","Dmin","Dvorak","String Quartet 12, mvt. 1","Major","String Quartet"
"122",20640,"Fmaj","Cmaj","I","I","Cmaj","Amin","Dmin","Dmin","Dvorak","String Quartet 12, mvt. 1","Major","String Quartet"
"123",21120,"Fmaj","Cmaj","I","I","Cmaj","Cmaj","Amin","Dmin","Dvorak","String Quartet 12, mvt. 1","Major","String Quartet"
"124",22560,"Cdom7","Gdom7","V7","V","Cmaj","Cmaj","Cmaj","Amin","Dvorak","String Quartet 12, mvt. 1","Major","String Quartet"
"125",23040,"Fmin","Cmin","i","i","Gdom7","Cmaj","Cmaj","Cmaj","Dvorak","String Quartet 12, mvt. 1","Major","String Quartet"
"126",23160,"Fmin","Cmin","i","i","Cmin","Gdom7","Cmaj","Cmaj","Dvorak","String Quartet 12, mvt. 1","Major","String Quartet"
"127",23280,"Fmin","Cmin","i","i","Cmin","Cmin","Gdom7","Cmaj","Dvorak","String Quartet 12, mvt. 1","Major","String Quartet"
"128",23400,"Fmin","Cmin","i","i","Cmin","Cmin","Cmin","Gdom7","Dvorak","String Quartet 12, mvt. 1","Major","String Quartet"
"129",23520,"Fmin","Cmin","i","i","Cmin","Cmin","Cmin","Cmin","Dvorak","String Quartet 12, mvt. 1","Major","String Quartet"
"130",23640,"Fmin","Cmin","i","i","Cmin","Cmin","Cmin","Cmin","Dvorak","String Quartet 12, mvt. 1","Major","String Quartet"
"131",23760,"Fmin","Cmin","i","i","Cmin","Cmin","Cmin","Cmin","Dvorak","String Quartet 12, mvt. 1","Major","String Quartet"
"132",23880,"Fmin","Cmin","i","i","Cmin","Cmin","Cmin","Cmin","Dvorak","String Quartet 12, mvt. 1","Major","String Quartet"
"133",24000,"Fdom7","Cdom7","V7/IV","V/IV","Cmin","Cmin","Cmin","Cmin","Dvorak","String Quartet 12, mvt. 1","Major","String Quartet"
"134",24240,"Fdom7","Cdom7","V7/IV","V/IV","Cdom7","Cmin","Cmin","Cmin","Dvorak","String Quartet 12, mvt. 1","Major","String Quartet"
"135",24480,"Fdom7","Cdom7","V7/IV","V/IV","Cdom7","Cdom7","Cmin","Cmin","Dvorak","String Quartet 12, mvt. 1","Major","String Quartet"
"136",24720,"Fdom7","Cdom7","V7/IV","V/IV","Cdom7","Cdom7","Cdom7","Cmin","Dvorak","String Quartet 12, mvt. 1","Major","String Quartet"
"137",25200,"Amin","Emin","iii","iii","Cdom7","Cdom7","Cdom7","Cdom7","Dvorak","String Quartet 12, mvt. 1","Major","String Quartet"
"138",25920,"Amin","Emin","iii","iii","Emin","Cdom7","Cdom7","Cdom7","Dvorak","String Quartet 12, mvt. 1","Major","String Quartet"
"139",26400,"Amin","Emin","iii","iii","Emin","Emin","Cdom7","Cdom7","Dvorak","String Quartet 12, mvt. 1","Major","String Quartet"
"140",26880,"Amin","Emin","iii","iii","Emin","Emin","Emin","Cdom7","Dvorak","String Quartet 12, mvt. 1","Major","String Quartet"
"141",27720,"Dmin","Amin","vi","vi","Emin","Emin","Emin","Emin","Dvorak","String Quartet 12, mvt. 1","Major","String Quartet"
"142",27840,"Amin","Emin","iii","iii","Amin","Emin","Emin","Emin","Dvorak","String Quartet 12, mvt. 1","Major","String Quartet"
"143",28320,"Amin","Emin","iii","iii","Emin","Amin","Emin","Emin","Dvorak","String Quartet 12, mvt. 1","Major","String Quartet"
"144",28800,"Amin","Emin","iii","iii","Emin","Emin","Amin","Emin","Dvorak","String Quartet 12, mvt. 1","Major","String Quartet"
"145",29280,"Amin","Emin","iii","iii","Emin","Emin","Emin","Amin","Dvorak","String Quartet 12, mvt. 1","Major","String Quartet"
"146",29400,"Gmaj","Dmaj","V/V","V/V","Emin","Emin","Emin","Emin","Dvorak","String Quartet 12, mvt. 1","Major","String Quartet"
"147",29520,"Cmaj","Gmaj","V","V","Dmaj","Emin","Emin","Emin","Dvorak","String Quartet 12, mvt. 1","Major","String Quartet"
"148",29880,"Gmaj","Dmaj","V/V","V/V","Gmaj","Dmaj","Emin","Emin","Dvorak","String Quartet 12, mvt. 1","Major","String Quartet"
"149",30000,"Cmaj","Gmaj","V","V","Dmaj","Gmaj","Dmaj","Emin","Dvorak","String Quartet 12, mvt. 1","Major","String Quartet"
"150",30360,"Gmaj","Dmaj","V/V","V/V","Gmaj","Dmaj","Gmaj","Dmaj","Dvorak","String Quartet 12, mvt. 1","Major","String Quartet"
"151",30480,"Cmaj","Gmaj","V","V","Dmaj","Gmaj","Dmaj","Gmaj","Dvorak","String Quartet 12, mvt. 1","Major","String Quartet"
"152",30720,"Cmaj","Gmaj","V","V","Gmaj","Dmaj","Gmaj","Dmaj","Dvorak","String Quartet 12, mvt. 1","Major","String Quartet"
"153",30960,"Cmaj","Gmaj","V","V","Gmaj","Gmaj","Dmaj","Gmaj","Dvorak","String Quartet 12, mvt. 1","Major","String Quartet"
"154",31200,"Cmaj","Gmaj","V","V","Gmaj","Gmaj","Gmaj","Dmaj","Dvorak","String Quartet 12, mvt. 1","Major","String Quartet"
"155",31440,"Cmaj","Gmaj","V","V","Gmaj","Gmaj","Gmaj","Gmaj","Dvorak","String Quartet 12, mvt. 1","Major","String Quartet"
"156",31680,"Amin","Emin","iii","iii","Gmaj","Gmaj","Gmaj","Gmaj","Dvorak","String Quartet 12, mvt. 1","Major","String Quartet"
"157",31920,"Amin","Emin","iii","iii","Emin","Gmaj","Gmaj","Gmaj","Dvorak","String Quartet 12, mvt. 1","Major","String Quartet"
"158",32160,"Amin","Emin","iii","iii","Emin","Emin","Gmaj","Gmaj","Dvorak","String Quartet 12, mvt. 1","Major","String Quartet"
"159",32400,"Amin","Emin","iii","iii","Emin","Emin","Emin","Gmaj","Dvorak","String Quartet 12, mvt. 1","Major","String Quartet"
"160",36000,"Gdom7","Ddom7","V7/V","V/V","Emin","Emin","Emin","Emin","Dvorak","String Quartet 12, mvt. 1","Major","String Quartet"
"161",36480,"Amin","Emin","iii","iii","Ddom7","Emin","Emin","Emin","Dvorak","String Quartet 12, mvt. 1","Major","String Quartet"
"162",36960,"Amin","Emin","iii","iii","Emin","Ddom7","Emin","Emin","Dvorak","String Quartet 12, mvt. 1","Major","String Quartet"
"163",37440,"Amin","Emin","iii","iii","Emin","Emin","Ddom7","Emin","Dvorak","String Quartet 12, mvt. 1","Major","String Quartet"
"164",37920,"Amin","Emin","iii","iii","Emin","Emin","Emin","Ddom7","Dvorak","String Quartet 12, mvt. 1","Major","String Quartet"
"165",39600,"A#/Bbmaj","Fmaj","IV","IV","Emin","Emin","Emin","Emin","Dvorak","String Quartet 12, mvt. 1","Major","String Quartet"
"166",42240,"Amaj","Emaj","III","III","Fmaj","Emin","Emin","Emin","Dvorak","String Quartet 12, mvt. 1","Major","String Quartet"
"167",42720,"Amaj","Emaj","III","III","Emaj","Fmaj","Emin","Emin","Dvorak","String Quartet 12, mvt. 1","Major","String Quartet"
"168",44640,"Amaj","Emaj","III","III","Emaj","Emaj","Fmaj","Emin","Dvorak","String Quartet 12, mvt. 1","Major","String Quartet"
"169",46080,"Amaj","Emaj","III","III","Emaj","Emaj","Emaj","Fmaj","Dvorak","String Quartet 12, mvt. 1","Major","String Quartet"
"170",48480,"Amaj","Emaj","III","III","Emaj","Emaj","Emaj","Emaj","Dvorak","String Quartet 12, mvt. 1","Major","String Quartet"
"171",54240,"Amaj","Emaj","III","III","Emaj","Emaj","Emaj","Emaj","Dvorak","String Quartet 12, mvt. 1","Major","String Quartet"
"172",54480,"Amaj","Emaj","III","III","Emaj","Emaj","Emaj","Emaj","Dvorak","String Quartet 12, mvt. 1","Major","String Quartet"
"173",55920,"C#/Db, E, G, A#/Bb - fulldim7","D, F, G#/Ab, B - fulldim7","viiº7","viiº","Emaj","Emaj","Emaj","Emaj","Dvorak","String Quartet 12, mvt. 1","Major","String Quartet"
"174",59520,"Amin","Emin","iii","iii","D, F, G#/Ab, B - fulldim7","Emaj","Emaj","Emaj","Dvorak","String Quartet 12, mvt. 1","Major","String Quartet"
"175",60000,"Amin","Emin","iii","iii","Emin","D, F, G#/Ab, B - fulldim7","Emaj","Emaj","Dvorak","String Quartet 12, mvt. 1","Major","String Quartet"
"176",60480,"Amin","Emin","iii","iii","Emin","Emin","D, F, G#/Ab, B - fulldim7","Emaj","Dvorak","String Quartet 12, mvt. 1","Major","String Quartet"
"177",60960,"Amin","Emin","iii","iii","Emin","Emin","Emin","D, F, G#/Ab, B - fulldim7","Dvorak","String Quartet 12, mvt. 1","Major","String Quartet"
"178",61800,"Fmaj","Cmaj","I","I","Emin","Emin","Emin","Emin","Dvorak","String Quartet 12, mvt. 1","Major","String Quartet"
"179",61920,"Dmin","Amin","vi","vi","Cmaj","Emin","Emin","Emin","Dvorak","String Quartet 12, mvt. 1","Major","String Quartet"
"180",62160,"Dmin","Amin","vi","vi","Amin","Cmaj","Emin","Emin","Dvorak","String Quartet 12, mvt. 1","Major","String Quartet"
"181",62400,"Fmaj","Cmaj","I","I","Amin","Amin","Cmaj","Emin","Dvorak","String Quartet 12, mvt. 1","Major","String Quartet"
"182",62880,"Fmaj","Cmaj","I","I","Cmaj","Amin","Amin","Cmaj","Dvorak","String Quartet 12, mvt. 1","Major","String Quartet"
"183",63360,"Fmaj","Cmaj","I","I","Cmaj","Cmaj","Amin","Amin","Dvorak","String Quartet 12, mvt. 1","Major","String Quartet"
"184",63540,"Dmin","Amin","vi","vi","Cmaj","Cmaj","Cmaj","Amin","Dvorak","String Quartet 12, mvt. 1","Major","String Quartet"
"185",63660,"Dmin","Amin","vi","vi","Amin","Cmaj","Cmaj","Cmaj","Dvorak","String Quartet 12, mvt. 1","Major","String Quartet"
"186",63840,"Fmaj","Cmaj","I","I","Amin","Amin","Cmaj","Cmaj","Dvorak","String Quartet 12, mvt. 1","Major","String Quartet"
"187",64020,"Dmin","Amin","vi","vi","Cmaj","Amin","Amin","Cmaj","Dvorak","String Quartet 12, mvt. 1","Major","String Quartet"
"188",64140,"Dmin","Amin","vi","vi","Amin","Cmaj","Amin","Amin","Dvorak","String Quartet 12, mvt. 1","Major","String Quartet"
"189",64320,"Fmaj","Cmaj","I","I","Amin","Amin","Cmaj","Amin","Dvorak","String Quartet 12, mvt. 1","Major","String Quartet"
"190",64500,"Fmaj","Cmaj","I","I","Cmaj","Amin","Amin","Cmaj","Dvorak","String Quartet 12, mvt. 1","Major","String Quartet"
"191",64560,"Fmaj","Cmaj","I","I","Cmaj","Cmaj","Amin","Amin","Dvorak","String Quartet 12, mvt. 1","Major","String Quartet"
"192",65640,"Fmaj","Cmaj","I","I","Cmaj","Cmaj","Cmaj","Amin","Dvorak","String Quartet 12, mvt. 1","Major","String Quartet"
"193",65760,"Dmin","Amin","vi","vi","Cmaj","Cmaj","Cmaj","Cmaj","Dvorak","String Quartet 12, mvt. 1","Major","String Quartet"
"194",66000,"Dmin","Amin","vi","vi","Amin","Cmaj","Cmaj","Cmaj","Dvorak","String Quartet 12, mvt. 1","Major","String Quartet"
"195",66240,"Fmaj","Cmaj","I","I","Amin","Amin","Cmaj","Cmaj","Dvorak","String Quartet 12, mvt. 1","Major","String Quartet"
"196",66720,"Fmaj","Cmaj","I","I","Cmaj","Amin","Amin","Cmaj","Dvorak","String Quartet 12, mvt. 1","Major","String Quartet"
"197",67200,"Fmaj","Cmaj","I","I","Cmaj","Cmaj","Amin","Amin","Dvorak","String Quartet 12, mvt. 1","Major","String Quartet"
"198",67380,"Dmin","Amin","vi","vi","Cmaj","Cmaj","Cmaj","Amin","Dvorak","String Quartet 12, mvt. 1","Major","String Quartet"
"199",67500,"Dmin","Amin","vi","vi","Amin","Cmaj","Cmaj","Cmaj","Dvorak","String Quartet 12, mvt. 1","Major","String Quartet"
"200",67680,"Fmaj","Cmaj","I","I","Amin","Amin","Cmaj","Cmaj","Dvorak","String Quartet 12, mvt. 1","Major","String Quartet"
"201",67860,"Dmin","Amin","vi","vi","Cmaj","Amin","Amin","Cmaj","Dvorak","String Quartet 12, mvt. 1","Major","String Quartet"
"202",67980,"Dmin","Amin","vi","vi","Amin","Cmaj","Amin","Amin","Dvorak","String Quartet 12, mvt. 1","Major","String Quartet"
"203",68160,"Fmaj","Cmaj","I","I","Amin","Amin","Cmaj","Amin","Dvorak","String Quartet 12, mvt. 1","Major","String Quartet"
"204",68340,"Fmaj","Cmaj","I","I","Cmaj","Amin","Amin","Cmaj","Dvorak","String Quartet 12, mvt. 1","Major","String Quartet"
"205",68400,"Fmaj","Cmaj","I","I","Cmaj","Cmaj","Amin","Amin","Dvorak","String Quartet 12, mvt. 1","Major","String Quartet"
"206",68640,"Dmin","Amin","vi","vi","Cmaj","Cmaj","Cmaj","Amin","Dvorak","String Quartet 12, mvt. 1","Major","String Quartet"
"207",70080,"Fmaj","Cmaj","I","I","Amin","Cmaj","Cmaj","Cmaj","Dvorak","String Quartet 12, mvt. 1","Major","String Quartet"
"208",71040,"Dmin","Amin","vi","vi","Cmaj","Amin","Cmaj","Cmaj","Dvorak","String Quartet 12, mvt. 1","Major","String Quartet"
"209",73140,"Gmin","Dmin","ii","ii","Amin","Cmaj","Amin","Cmaj","Dvorak","String Quartet 12, mvt. 1","Major","String Quartet"
"210",73380,"Gmin","Dmin","ii","ii","Dmin","Amin","Cmaj","Amin","Dvorak","String Quartet 12, mvt. 1","Major","String Quartet"
"211",73620,"Gmin","Dmin","ii","ii","Dmin","Dmin","Amin","Cmaj","Dvorak","String Quartet 12, mvt. 1","Major","String Quartet"
"212",73860,"Gmin","Dmin","ii","ii","Dmin","Dmin","Dmin","Amin","Dvorak","String Quartet 12, mvt. 1","Major","String Quartet"
"213",78600,"Dmin","Amin","vi","vi","Dmin","Dmin","Dmin","Dmin","Dvorak","String Quartet 12, mvt. 1","Major","String Quartet"
"214",78720,"Fmaj","Cmaj","I","I","Amin","Dmin","Dmin","Dmin","Dvorak","String Quartet 12, mvt. 1","Major","String Quartet"
"215",79200,"Fmaj","Cmaj","I","I","Cmaj","Amin","Dmin","Dmin","Dvorak","String Quartet 12, mvt. 1","Major","String Quartet"
"216",79680,"Fmaj","Cmaj","I","I","Cmaj","Cmaj","Amin","Dmin","Dvorak","String Quartet 12, mvt. 1","Major","String Quartet"
"217",81120,"Cdom7","Gdom7","V7","V","Cmaj","Cmaj","Cmaj","Amin","Dvorak","String Quartet 12, mvt. 1","Major","String Quartet"
"218",81600,"Fmin","Cmin","i","i","Gdom7","Cmaj","Cmaj","Cmaj","Dvorak","String Quartet 12, mvt. 1","Major","String Quartet"
"219",81720,"Fmin","Cmin","i","i","Cmin","Gdom7","Cmaj","Cmaj","Dvorak","String Quartet 12, mvt. 1","Major","String Quartet"
"220",81840,"Fmin","Cmin","i","i","Cmin","Cmin","Gdom7","Cmaj","Dvorak","String Quartet 12, mvt. 1","Major","String Quartet"
"221",81960,"Fmin","Cmin","i","i","Cmin","Cmin","Cmin","Gdom7","Dvorak","String Quartet 12, mvt. 1","Major","String Quartet"
"222",82080,"Fmin","Cmin","i","i","Cmin","Cmin","Cmin","Cmin","Dvorak","String Quartet 12, mvt. 1","Major","String Quartet"
"223",82200,"Fmin","Cmin","i","i","Cmin","Cmin","Cmin","Cmin","Dvorak","String Quartet 12, mvt. 1","Major","String Quartet"
"224",82320,"Fmin","Cmin","i","i","Cmin","Cmin","Cmin","Cmin","Dvorak","String Quartet 12, mvt. 1","Major","String Quartet"
"225",82440,"Fmin","Cmin","i","i","Cmin","Cmin","Cmin","Cmin","Dvorak","String Quartet 12, mvt. 1","Major","String Quartet"
"226",82560,"Fdom7","Cdom7","V7/IV","V/IV","Cmin","Cmin","Cmin","Cmin","Dvorak","String Quartet 12, mvt. 1","Major","String Quartet"
"227",82800,"Fdom7","Cdom7","V7/IV","V/IV","Cdom7","Cmin","Cmin","Cmin","Dvorak","String Quartet 12, mvt. 1","Major","String Quartet"
"228",83040,"Fdom7","Cdom7","V7/IV","V/IV","Cdom7","Cdom7","Cmin","Cmin","Dvorak","String Quartet 12, mvt. 1","Major","String Quartet"
"229",83280,"Fdom7","Cdom7","V7/IV","V/IV","Cdom7","Cdom7","Cdom7","Cmin","Dvorak","String Quartet 12, mvt. 1","Major","String Quartet"
"230",83760,"Amin","Emin","iii","iii","Cdom7","Cdom7","Cdom7","Cdom7","Dvorak","String Quartet 12, mvt. 1","Major","String Quartet"
"231",84480,"Amin","Emin","iii","iii","Emin","Cdom7","Cdom7","Cdom7","Dvorak","String Quartet 12, mvt. 1","Major","String Quartet"
"232",84960,"Amin","Emin","iii","iii","Emin","Emin","Cdom7","Cdom7","Dvorak","String Quartet 12, mvt. 1","Major","String Quartet"
"233",85440,"Amin","Emin","iii","iii","Emin","Emin","Emin","Cdom7","Dvorak","String Quartet 12, mvt. 1","Major","String Quartet"
"234",86280,"Dmin","Amin","vi","vi","Emin","Emin","Emin","Emin","Dvorak","String Quartet 12, mvt. 1","Major","String Quartet"
"235",86400,"Amin","Emin","iii","iii","Amin","Emin","Emin","Emin","Dvorak","String Quartet 12, mvt. 1","Major","String Quartet"
"236",86880,"Amin","Emin","iii","iii","Emin","Amin","Emin","Emin","Dvorak","String Quartet 12, mvt. 1","Major","String Quartet"
"237",87360,"Amin","Emin","iii","iii","Emin","Emin","Amin","Emin","Dvorak","String Quartet 12, mvt. 1","Major","String Quartet"
"238",87840,"Amin","Emin","iii","iii","Emin","Emin","Emin","Amin","Dvorak","String Quartet 12, mvt. 1","Major","String Quartet"
"239",87960,"Gmaj","Dmaj","V/V","V/V","Emin","Emin","Emin","Emin","Dvorak","String Quartet 12, mvt. 1","Major","String Quartet"
"240",88080,"Cmaj","Gmaj","V","V","Dmaj","Emin","Emin","Emin","Dvorak","String Quartet 12, mvt. 1","Major","String Quartet"
"241",88440,"Gmaj","Dmaj","V/V","V/V","Gmaj","Dmaj","Emin","Emin","Dvorak","String Quartet 12, mvt. 1","Major","String Quartet"
"242",88560,"Cmaj","Gmaj","V","V","Dmaj","Gmaj","Dmaj","Emin","Dvorak","String Quartet 12, mvt. 1","Major","String Quartet"
"243",88920,"Gmaj","Dmaj","V/V","V/V","Gmaj","Dmaj","Gmaj","Dmaj","Dvorak","String Quartet 12, mvt. 1","Major","String Quartet"
"244",89040,"Cmaj","Gmaj","V","V","Dmaj","Gmaj","Dmaj","Gmaj","Dvorak","String Quartet 12, mvt. 1","Major","String Quartet"
"245",89280,"Cmaj","Gmaj","V","V","Gmaj","Dmaj","Gmaj","Dmaj","Dvorak","String Quartet 12, mvt. 1","Major","String Quartet"
"246",89520,"Cmaj","Gmaj","V","V","Gmaj","Gmaj","Dmaj","Gmaj","Dvorak","String Quartet 12, mvt. 1","Major","String Quartet"
"247",89760,"Cmaj","Gmaj","V","V","Gmaj","Gmaj","Gmaj","Dmaj","Dvorak","String Quartet 12, mvt. 1","Major","String Quartet"
"248",90000,"Cmaj","Gmaj","V","V","Gmaj","Gmaj","Gmaj","Gmaj","Dvorak","String Quartet 12, mvt. 1","Major","String Quartet"
"249",90240,"Amin","Emin","iii","iii","Gmaj","Gmaj","Gmaj","Gmaj","Dvorak","String Quartet 12, mvt. 1","Major","String Quartet"
"250",90480,"Amin","Emin","iii","iii","Emin","Gmaj","Gmaj","Gmaj","Dvorak","String Quartet 12, mvt. 1","Major","String Quartet"
"251",90720,"Amin","Emin","iii","iii","Emin","Emin","Gmaj","Gmaj","Dvorak","String Quartet 12, mvt. 1","Major","String Quartet"
"252",90960,"Amin","Emin","iii","iii","Emin","Emin","Emin","Gmaj","Dvorak","String Quartet 12, mvt. 1","Major","String Quartet"
"253",94560,"Gdom7","Ddom7","V7/V","V/V","Emin","Emin","Emin","Emin","Dvorak","String Quartet 12, mvt. 1","Major","String Quartet"
"254",95040,"Amin","Emin","iii","iii","Ddom7","Emin","Emin","Emin","Dvorak","String Quartet 12, mvt. 1","Major","String Quartet"
"255",95520,"Amin","Emin","iii","iii","Emin","Ddom7","Emin","Emin","Dvorak","String Quartet 12, mvt. 1","Major","String Quartet"
"256",96000,"Amin","Emin","iii","iii","Emin","Emin","Ddom7","Emin","Dvorak","String Quartet 12, mvt. 1","Major","String Quartet"
"257",96480,"Amin","Emin","iii","iii","Emin","Emin","Emin","Ddom7","Dvorak","String Quartet 12, mvt. 1","Major","String Quartet"
"258",98160,"A#/Bbmaj","Fmaj","IV","IV","Emin","Emin","Emin","Emin","Dvorak","String Quartet 12, mvt. 1","Major","String Quartet"
"259",100800,"Amaj","Emaj","III","III","Fmaj","Emin","Emin","Emin","Dvorak","String Quartet 12, mvt. 1","Major","String Quartet"
"260",101280,"Amaj","Emaj","III","III","Emaj","Fmaj","Emin","Emin","Dvorak","String Quartet 12, mvt. 1","Major","String Quartet"
"261",103200,"Amaj","Emaj","III","III","Emaj","Emaj","Fmaj","Emin","Dvorak","String Quartet 12, mvt. 1","Major","String Quartet"
"262",104640,"Amaj","Emaj","III","III","Emaj","Emaj","Emaj","Fmaj","Dvorak","String Quartet 12, mvt. 1","Major","String Quartet"
"263",107040,"Amaj","Emaj","III","III","Emaj","Emaj","Emaj","Emaj","Dvorak","String Quartet 12, mvt. 1","Major","String Quartet"
"264",112800,"Amaj","Emaj","III","III","Emaj","Emaj","Emaj","Emaj","Dvorak","String Quartet 12, mvt. 1","Major","String Quartet"
"265",113040,"Amaj","Emaj","III","III","Emaj","Emaj","Emaj","Emaj","Dvorak","String Quartet 12, mvt. 1","Major","String Quartet"
"266",114480,"C#/Db, E, G, A#/Bb - fulldim7","D, F, G#/Ab, B - fulldim7","viiº7","viiº","Emaj","Emaj","Emaj","Emaj","Dvorak","String Quartet 12, mvt. 1","Major","String Quartet"
"267",118080,"Amin","Emin","iii","iii","D, F, G#/Ab, B - fulldim7","Emaj","Emaj","Emaj","Dvorak","String Quartet 12, mvt. 1","Major","String Quartet"
"268",118560,"Amin","Emin","iii","iii","Emin","D, F, G#/Ab, B - fulldim7","Emaj","Emaj","Dvorak","String Quartet 12, mvt. 1","Major","String Quartet"
"269",119040,"Amin","Emin","iii","iii","Emin","Emin","D, F, G#/Ab, B - fulldim7","Emaj","Dvorak","String Quartet 12, mvt. 1","Major","String Quartet"
"270",119520,"Amin","Emin","iii","iii","Emin","Emin","Emin","D, F, G#/Ab, B - fulldim7","Dvorak","String Quartet 12, mvt. 1","Major","String Quartet"
"271",133440,"Dmaj","Amaj","VI","VI","Emin","Emin","Emin","Emin","Dvorak","String Quartet 12, mvt. 1","Major","String Quartet"
"272",133470,"Dmaj","Amaj","VI","VI","Amaj","Emin","Emin","Emin","Dvorak","String Quartet 12, mvt. 1","Major","String Quartet"
"273",133500,"Dmaj","Amaj","VI","VI","Amaj","Amaj","Emin","Emin","Dvorak","String Quartet 12, mvt. 1","Major","String Quartet"
"274",133530,"Dmaj","Amaj","VI","VI","Amaj","Amaj","Amaj","Emin","Dvorak","String Quartet 12, mvt. 1","Major","String Quartet"
"275",133560,"Dmaj","Amaj","VI","VI","Amaj","Amaj","Amaj","Amaj","Dvorak","String Quartet 12, mvt. 1","Major","String Quartet"
"276",133590,"Dmaj","Amaj","VI","VI","Amaj","Amaj","Amaj","Amaj","Dvorak","String Quartet 12, mvt. 1","Major","String Quartet"
"277",133620,"Dmaj","Amaj","VI","VI","Amaj","Amaj","Amaj","Amaj","Dvorak","String Quartet 12, mvt. 1","Major","String Quartet"
"278",133650,"Dmaj","Amaj","VI","VI","Amaj","Amaj","Amaj","Amaj","Dvorak","String Quartet 12, mvt. 1","Major","String Quartet"
"279",133680,"Dmaj","Amaj","VI","VI","Amaj","Amaj","Amaj","Amaj","Dvorak","String Quartet 12, mvt. 1","Major","String Quartet"
"280",133710,"Dmaj","Amaj","VI","VI","Amaj","Amaj","Amaj","Amaj","Dvorak","String Quartet 12, mvt. 1","Major","String Quartet"
"281",133740,"Dmaj","Amaj","VI","VI","Amaj","Amaj","Amaj","Amaj","Dvorak","String Quartet 12, mvt. 1","Major","String Quartet"
"282",133770,"Dmaj","Amaj","VI","VI","Amaj","Amaj","Amaj","Amaj","Dvorak","String Quartet 12, mvt. 1","Major","String Quartet"
"283",133800,"Dmaj","Amaj","VI","VI","Amaj","Amaj","Amaj","Amaj","Dvorak","String Quartet 12, mvt. 1","Major","String Quartet"
"284",133830,"Dmaj","Amaj","VI","VI","Amaj","Amaj","Amaj","Amaj","Dvorak","String Quartet 12, mvt. 1","Major","String Quartet"
"285",133860,"Dmaj","Amaj","VI","VI","Amaj","Amaj","Amaj","Amaj","Dvorak","String Quartet 12, mvt. 1","Major","String Quartet"
"286",133890,"Dmaj","Amaj","VI","VI","Amaj","Amaj","Amaj","Amaj","Dvorak","String Quartet 12, mvt. 1","Major","String Quartet"
"287",133920,"Dmaj","Amaj","VI","VI","Amaj","Amaj","Amaj","Amaj","Dvorak","String Quartet 12, mvt. 1","Major","String Quartet"
"288",133950,"Dmaj","Amaj","VI","VI","Amaj","Amaj","Amaj","Amaj","Dvorak","String Quartet 12, mvt. 1","Major","String Quartet"
"289",133980,"Dmaj","Amaj","VI","VI","Amaj","Amaj","Amaj","Amaj","Dvorak","String Quartet 12, mvt. 1","Major","String Quartet"
"290",134010,"Dmaj","Amaj","VI","VI","Amaj","Amaj","Amaj","Amaj","Dvorak","String Quartet 12, mvt. 1","Major","String Quartet"
"291",134040,"Dmaj","Amaj","VI","VI","Amaj","Amaj","Amaj","Amaj","Dvorak","String Quartet 12, mvt. 1","Major","String Quartet"
"292",134070,"Dmaj","Amaj","VI","VI","Amaj","Amaj","Amaj","Amaj","Dvorak","String Quartet 12, mvt. 1","Major","String Quartet"
"293",134100,"Dmaj","Amaj","VI","VI","Amaj","Amaj","Amaj","Amaj","Dvorak","String Quartet 12, mvt. 1","Major","String Quartet"
"294",134130,"Dmaj","Amaj","VI","VI","Amaj","Amaj","Amaj","Amaj","Dvorak","String Quartet 12, mvt. 1","Major","String Quartet"
"295",134160,"Dmaj","Amaj","VI","VI","Amaj","Amaj","Amaj","Amaj","Dvorak","String Quartet 12, mvt. 1","Major","String Quartet"
"296",134190,"Dmaj","Amaj","VI","VI","Amaj","Amaj","Amaj","Amaj","Dvorak","String Quartet 12, mvt. 1","Major","String Quartet"
"297",134220,"Dmaj","Amaj","VI","VI","Amaj","Amaj","Amaj","Amaj","Dvorak","String Quartet 12, mvt. 1","Major","String Quartet"
"298",134250,"Dmaj","Amaj","VI","VI","Amaj","Amaj","Amaj","Amaj","Dvorak","String Quartet 12, mvt. 1","Major","String Quartet"
"299",134280,"Dmaj","Amaj","VI","VI","Amaj","Amaj","Amaj","Amaj","Dvorak","String Quartet 12, mvt. 1","Major","String Quartet"
"300",134310,"Dmaj","Amaj","VI","VI","Amaj","Amaj","Amaj","Amaj","Dvorak","String Quartet 12, mvt. 1","Major","String Quartet"
"301",134340,"Dmaj","Amaj","VI","VI","Amaj","Amaj","Amaj","Amaj","Dvorak","String Quartet 12, mvt. 1","Major","String Quartet"
"302",134370,"Dmaj","Amaj","VI","VI","Amaj","Amaj","Amaj","Amaj","Dvorak","String Quartet 12, mvt. 1","Major","String Quartet"
"303",134400,"Dmaj","Amaj","VI","VI","Amaj","Amaj","Amaj","Amaj","Dvorak","String Quartet 12, mvt. 1","Major","String Quartet"
"304",134520,"Dmaj","Amaj","VI","VI","Amaj","Amaj","Amaj","Amaj","Dvorak","String Quartet 12, mvt. 1","Major","String Quartet"
"305",134640,"Dmaj","Amaj","VI","VI","Amaj","Amaj","Amaj","Amaj","Dvorak","String Quartet 12, mvt. 1","Major","String Quartet"
"306",134760,"Dmaj","Amaj","VI","VI","Amaj","Amaj","Amaj","Amaj","Dvorak","String Quartet 12, mvt. 1","Major","String Quartet"
"307",134880,"Dmaj","Amaj","VI","VI","Amaj","Amaj","Amaj","Amaj","Dvorak","String Quartet 12, mvt. 1","Major","String Quartet"
"308",135240,"Dmaj","Amaj","VI","VI","Amaj","Amaj","Amaj","Amaj","Dvorak","String Quartet 12, mvt. 1","Major","String Quartet"
"309",135360,"Dmaj","Amaj","VI","VI","Amaj","Amaj","Amaj","Amaj","Dvorak","String Quartet 12, mvt. 1","Major","String Quartet"
"310",135480,"Dmaj","Amaj","VI","VI","Amaj","Amaj","Amaj","Amaj","Dvorak","String Quartet 12, mvt. 1","Major","String Quartet"
"311",135720,"Dmaj","Amaj","VI","VI","Amaj","Amaj","Amaj","Amaj","Dvorak","String Quartet 12, mvt. 1","Major","String Quartet"
"312",135780,"Dmaj","Amaj","VI","VI","Amaj","Amaj","Amaj","Amaj","Dvorak","String Quartet 12, mvt. 1","Major","String Quartet"
"313",135960,"Dmaj","Amaj","VI","VI","Amaj","Amaj","Amaj","Amaj","Dvorak","String Quartet 12, mvt. 1","Major","String Quartet"
"314",136200,"Dmaj","Amaj","VI","VI","Amaj","Amaj","Amaj","Amaj","Dvorak","String Quartet 12, mvt. 1","Major","String Quartet"
"315",136260,"Dmaj","Amaj","VI","VI","Amaj","Amaj","Amaj","Amaj","Dvorak","String Quartet 12, mvt. 1","Major","String Quartet"
"316",136440,"Dmaj","Amaj","VI","VI","Amaj","Amaj","Amaj","Amaj","Dvorak","String Quartet 12, mvt. 1","Major","String Quartet"
"317",136680,"Dmaj","Amaj","VI","VI","Amaj","Amaj","Amaj","Amaj","Dvorak","String Quartet 12, mvt. 1","Major","String Quartet"
"318",136740,"Dmaj","Amaj","VI","VI","Amaj","Amaj","Amaj","Amaj","Dvorak","String Quartet 12, mvt. 1","Major","String Quartet"
"319",136920,"Dmaj","Amaj","VI","VI","Amaj","Amaj","Amaj","Amaj","Dvorak","String Quartet 12, mvt. 1","Major","String Quartet"
"320",137160,"Dmaj","Amaj","VI","VI","Amaj","Amaj","Amaj","Amaj","Dvorak","String Quartet 12, mvt. 1","Major","String Quartet"
"321",137220,"Dmaj","Amaj","VI","VI","Amaj","Amaj","Amaj","Amaj","Dvorak","String Quartet 12, mvt. 1","Major","String Quartet"
"322",137640,"Dmaj","Amaj","VI","VI","Amaj","Amaj","Amaj","Amaj","Dvorak","String Quartet 12, mvt. 1","Major","String Quartet"
"323",139080,"Dmaj","Amaj","VI","VI","Amaj","Amaj","Amaj","Amaj","Dvorak","String Quartet 12, mvt. 1","Major","String Quartet"
"324",139140,"Dmaj","Amaj","VI","VI","Amaj","Amaj","Amaj","Amaj","Dvorak","String Quartet 12, mvt. 1","Major","String Quartet"
"325",139200,"Dmaj","Amaj","VI","VI","Amaj","Amaj","Amaj","Amaj","Dvorak","String Quartet 12, mvt. 1","Major","String Quartet"
"326",139440,"Dmaj","Amaj","VI","VI","Amaj","Amaj","Amaj","Amaj","Dvorak","String Quartet 12, mvt. 1","Major","String Quartet"
"327",139920,"Dmaj","Amaj","VI","VI","Amaj","Amaj","Amaj","Amaj","Dvorak","String Quartet 12, mvt. 1","Major","String Quartet"
"328",140880,"Dmaj","Amaj","VI","VI","Amaj","Amaj","Amaj","Amaj","Dvorak","String Quartet 12, mvt. 1","Major","String Quartet"
"329",141120,"Ddom7","Adom7","V7/ii","V/ii","Amaj","Amaj","Amaj","Amaj","Dvorak","String Quartet 12, mvt. 1","Major","String Quartet"
"330",141360,"Dmaj","Amaj","VI","VI","Adom7","Amaj","Amaj","Amaj","Dvorak","String Quartet 12, mvt. 1","Major","String Quartet"
"331",141840,"Dmaj","Amaj","VI","VI","Amaj","Adom7","Amaj","Amaj","Dvorak","String Quartet 12, mvt. 1","Major","String Quartet"
"332",145920,"Cdom7","Gdom7","V7","V","Amaj","Amaj","Adom7","Amaj","Dvorak","String Quartet 12, mvt. 1","Major","String Quartet"
"333",155520,"Fmin","Cmin","i","i","Gdom7","Amaj","Amaj","Adom7","Dvorak","String Quartet 12, mvt. 1","Major","String Quartet"
"334",155760,"Fmin","Cmin","i","i","Cmin","Gdom7","Amaj","Amaj","Dvorak","String Quartet 12, mvt. 1","Major","String Quartet"
"335",156000,"Fmin","Cmin","i","i","Cmin","Cmin","Gdom7","Amaj","Dvorak","String Quartet 12, mvt. 1","Major","String Quartet"
"336",156240,"Fmin","Cmin","i","i","Cmin","Cmin","Cmin","Gdom7","Dvorak","String Quartet 12, mvt. 1","Major","String Quartet"
"337",157440,"Fmin","Cmin","i","i","Cmin","Cmin","Cmin","Cmin","Dvorak","String Quartet 12, mvt. 1","Major","String Quartet"
"338",157680,"Fmin","Cmin","i","i","Cmin","Cmin","Cmin","Cmin","Dvorak","String Quartet 12, mvt. 1","Major","String Quartet"
"339",157920,"Fmin","Cmin","i","i","Cmin","Cmin","Cmin","Cmin","Dvorak","String Quartet 12, mvt. 1","Major","String Quartet"
"340",158160,"Fmin","Cmin","i","i","Cmin","Cmin","Cmin","Cmin","Dvorak","String Quartet 12, mvt. 1","Major","String Quartet"
"341",162240,"A#/Bbdom7","Fdom7","VI7","VI","Cmin","Cmin","Cmin","Cmin","Dvorak","String Quartet 12, mvt. 1","Major","String Quartet"
"342",162720,"A#/Bbdom7","Fdom7","VI7","VI","Fdom7","Cmin","Cmin","Cmin","Dvorak","String Quartet 12, mvt. 1","Major","String Quartet"
"343",166080,"Fmaj","Cmaj","I","I","Fdom7","Fdom7","Cmin","Cmin","Dvorak","String Quartet 12, mvt. 1","Major","String Quartet"
"344",166440,"Fmaj","Cmaj","I","I","Cmaj","Fdom7","Fdom7","Cmin","Dvorak","String Quartet 12, mvt. 1","Major","String Quartet"
"345",166560,"Dmin","Amin","vi","vi","Cmaj","Cmaj","Fdom7","Fdom7","Dvorak","String Quartet 12, mvt. 1","Major","String Quartet"
"346",166800,"Dmin","Amin","vi","vi","Amin","Cmaj","Cmaj","Fdom7","Dvorak","String Quartet 12, mvt. 1","Major","String Quartet"
"347",167040,"Fmaj","Cmaj","I","I","Amin","Amin","Cmaj","Cmaj","Dvorak","String Quartet 12, mvt. 1","Major","String Quartet"
"348",167520,"Fmaj","Cmaj","I","I","Cmaj","Amin","Amin","Cmaj","Dvorak","String Quartet 12, mvt. 1","Major","String Quartet"
"349",168000,"Fmaj","Cmaj","I","I","Cmaj","Cmaj","Amin","Amin","Dvorak","String Quartet 12, mvt. 1","Major","String Quartet"
"350",168180,"Dmin","Amin","vi","vi","Cmaj","Cmaj","Cmaj","Amin","Dvorak","String Quartet 12, mvt. 1","Major","String Quartet"
"351",168300,"Dmin","Amin","vi","vi","Amin","Cmaj","Cmaj","Cmaj","Dvorak","String Quartet 12, mvt. 1","Major","String Quartet"
"352",168480,"Fmaj","Cmaj","I","I","Amin","Amin","Cmaj","Cmaj","Dvorak","String Quartet 12, mvt. 1","Major","String Quartet"
"353",168660,"Dmin","Amin","vi","vi","Cmaj","Amin","Amin","Cmaj","Dvorak","String Quartet 12, mvt. 1","Major","String Quartet"
"354",168780,"Dmin","Amin","vi","vi","Amin","Cmaj","Amin","Amin","Dvorak","String Quartet 12, mvt. 1","Major","String Quartet"
"355",168960,"Fmaj","Cmaj","I","I","Amin","Amin","Cmaj","Amin","Dvorak","String Quartet 12, mvt. 1","Major","String Quartet"
"356",169140,"Fmaj","Cmaj","I","I","Cmaj","Amin","Amin","Cmaj","Dvorak","String Quartet 12, mvt. 1","Major","String Quartet"
"357",169200,"Fmaj","Cmaj","I","I","Cmaj","Cmaj","Amin","Amin","Dvorak","String Quartet 12, mvt. 1","Major","String Quartet"
"358",170280,"Fmaj","Cmaj","I","I","Cmaj","Cmaj","Cmaj","Amin","Dvorak","String Quartet 12, mvt. 1","Major","String Quartet"
"359",170400,"Dmin","Amin","vi","vi","Cmaj","Cmaj","Cmaj","Cmaj","Dvorak","String Quartet 12, mvt. 1","Major","String Quartet"
"360",170640,"Dmin","Amin","vi","vi","Amin","Cmaj","Cmaj","Cmaj","Dvorak","String Quartet 12, mvt. 1","Major","String Quartet"
"361",170880,"Fmaj","Cmaj","I","I","Amin","Amin","Cmaj","Cmaj","Dvorak","String Quartet 12, mvt. 1","Major","String Quartet"
"362",171360,"Fmaj","Cmaj","I","I","Cmaj","Amin","Amin","Cmaj","Dvorak","String Quartet 12, mvt. 1","Major","String Quartet"
"363",171840,"Fmaj","Cmaj","I","I","Cmaj","Cmaj","Amin","Amin","Dvorak","String Quartet 12, mvt. 1","Major","String Quartet"
"364",172020,"Dmin","Amin","vi","vi","Cmaj","Cmaj","Cmaj","Amin","Dvorak","String Quartet 12, mvt. 1","Major","String Quartet"
"365",172140,"Dmin","Amin","vi","vi","Amin","Cmaj","Cmaj","Cmaj","Dvorak","String Quartet 12, mvt. 1","Major","String Quartet"
"366",172320,"Fmaj","Cmaj","I","I","Amin","Amin","Cmaj","Cmaj","Dvorak","String Quartet 12, mvt. 1","Major","String Quartet"
"367",172500,"Dmin","Amin","vi","vi","Cmaj","Amin","Amin","Cmaj","Dvorak","String Quartet 12, mvt. 1","Major","String Quartet"
"368",172620,"Dmin","Amin","vi","vi","Amin","Cmaj","Amin","Amin","Dvorak","String Quartet 12, mvt. 1","Major","String Quartet"
"369",172800,"Fmaj","Cmaj","I","I","Amin","Amin","Cmaj","Amin","Dvorak","String Quartet 12, mvt. 1","Major","String Quartet"
"370",173040,"Amin","Emin","iii","iii","Cmaj","Amin","Amin","Cmaj","Dvorak","String Quartet 12, mvt. 1","Major","String Quartet"
"371",174000,"Fmaj","Cmaj","I","I","Emin","Cmaj","Amin","Amin","Dvorak","String Quartet 12, mvt. 1","Major","String Quartet"
"372",174720,"Fdom7","Cdom7","V7/IV","V/IV","Cmaj","Emin","Cmaj","Amin","Dvorak","String Quartet 12, mvt. 1","Major","String Quartet"
"373",182400,"Gmin","Dmin","ii","ii","Cdom7","Cmaj","Emin","Cmaj","Dvorak","String Quartet 12, mvt. 1","Major","String Quartet"
"374",183360,"Gmin","Dmin","ii","ii","Dmin","Cdom7","Cmaj","Emin","Dvorak","String Quartet 12, mvt. 1","Major","String Quartet"
"375",186120,"Gdim","Ddim","iiº","iiº","Dmin","Dmin","Cdom7","Cmaj","Dvorak","String Quartet 12, mvt. 1","Major","String Quartet"
"376",191280,"Fmin","Cmin","i","i","Ddim","Dmin","Dmin","Cdom7","Dvorak","String Quartet 12, mvt. 1","Major","String Quartet"
"377",191520,"Fmin","Cmin","i","i","Cmin","Ddim","Dmin","Dmin","Dvorak","String Quartet 12, mvt. 1","Major","String Quartet"
"378",192000,"Fmin","Cmin","i","i","Cmin","Cmin","Ddim","Dmin","Dvorak","String Quartet 12, mvt. 1","Major","String Quartet"
"379",192120,"Cmin","Gmin","ii/IV","ii/IV","Cmin","Cmin","Cmin","Ddim","Dvorak","String Quartet 12, mvt. 1","Major","String Quartet"
"380",192480,"Fmin","Cmin","i","i","Gmin","Cmin","Cmin","Cmin","Dvorak","String Quartet 12, mvt. 1","Major","String Quartet"
"381",192600,"Cmin","Gmin","ii/IV","ii/IV","Cmin","Gmin","Cmin","Cmin","Dvorak","String Quartet 12, mvt. 1","Major","String Quartet"
"382",193920,"Fmin","Cmin","i","i","Gmin","Cmin","Gmin","Cmin","Dvorak","String Quartet 12, mvt. 1","Major","String Quartet"
"383",194160,"Edim","Bdim","viiº","viiº","Cmin","Gmin","Cmin","Gmin","Dvorak","String Quartet 12, mvt. 1","Major","String Quartet"
"384",194400,"Fmin","Cmin","i","i","Bdim","Cmin","Gmin","Cmin","Dvorak","String Quartet 12, mvt. 1","Major","String Quartet"
"385",194640,"Edim","Bdim","viiº","viiº","Cmin","Bdim","Cmin","Gmin","Dvorak","String Quartet 12, mvt. 1","Major","String Quartet"
"386",194880,"Fmin","Cmin","i","i","Bdim","Cmin","Bdim","Cmin","Dvorak","String Quartet 12, mvt. 1","Major","String Quartet"
"387",195360,"Fmin","Cmin","i","i","Cmin","Bdim","Cmin","Bdim","Dvorak","String Quartet 12, mvt. 1","Major","String Quartet"
"388",195840,"Fmin","Cmin","i","i","Cmin","Cmin","Bdim","Cmin","Dvorak","String Quartet 12, mvt. 1","Major","String Quartet"
"389",196320,"Fmin","Cmin","i","i","Cmin","Cmin","Cmin","Bdim","Dvorak","String Quartet 12, mvt. 1","Major","String Quartet"
"390",197400,"Gdim","Ddim","iiº","iiº","Cmin","Cmin","Cmin","Cmin","Dvorak","String Quartet 12, mvt. 1","Major","String Quartet"
"391",197760,"Fmin","Cmin","i","i","Ddim","Cmin","Cmin","Cmin","Dvorak","String Quartet 12, mvt. 1","Major","String Quartet"
"392",198000,"Fmin","Cmin","i","i","Cmin","Ddim","Cmin","Cmin","Dvorak","String Quartet 12, mvt. 1","Major","String Quartet"
"393",198240,"Fmin","Cmin","i","i","Cmin","Cmin","Ddim","Cmin","Dvorak","String Quartet 12, mvt. 1","Major","String Quartet"
"394",198480,"Fmin","Cmin","i","i","Cmin","Cmin","Cmin","Ddim","Dvorak","String Quartet 12, mvt. 1","Major","String Quartet"
"395",200640,"Fdom7","Cdom7","V7/IV","V/IV","Cmin","Cmin","Cmin","Cmin","Dvorak","String Quartet 12, mvt. 1","Major","String Quartet"
"396",201600,"Fdom7","Cdom7","V7/IV","V/IV","Cdom7","Cmin","Cmin","Cmin","Dvorak","String Quartet 12, mvt. 1","Major","String Quartet"
"397",202320,"Cmin","Gmin","ii/IV","ii/IV","Cdom7","Cdom7","Cmin","Cmin","Dvorak","String Quartet 12, mvt. 1","Major","String Quartet"
"398",202560,"Fmin","Cmin","i","i","Gmin","Cdom7","Cdom7","Cmin","Dvorak","String Quartet 12, mvt. 1","Major","String Quartet"
"399",203040,"Fmin","Cmin","i","i","Cmin","Gmin","Cdom7","Cdom7","Dvorak","String Quartet 12, mvt. 1","Major","String Quartet"
"400",203520,"Fmin","Cmin","i","i","Cmin","Cmin","Gmin","Cdom7","Dvorak","String Quartet 12, mvt. 1","Major","String Quartet"
"401",204000,"Fmin","Cmin","i","i","Cmin","Cmin","Cmin","Gmin","Dvorak","String Quartet 12, mvt. 1","Major","String Quartet"
"402",204480,"Fdom7","Cdom7","V7/IV","V/IV","Cmin","Cmin","Cmin","Cmin","Dvorak","String Quartet 12, mvt. 1","Major","String Quartet"
"403",206400,"Fmin","Cmin","i","i","Cdom7","Cmin","Cmin","Cmin","Dvorak","String Quartet 12, mvt. 1","Major","String Quartet"
"404",207360,"Fmin","Cmin","i","i","Cmin","Cdom7","Cmin","Cmin","Dvorak","String Quartet 12, mvt. 1","Major","String Quartet"
"405",208320,"Fmaj","Cmaj","I","I","Cmin","Cmin","Cdom7","Cmin","Dvorak","String Quartet 12, mvt. 1","Major","String Quartet"
"406",209280,"Gmin7","Dmin7","ii7","ii","Cmaj","Cmin","Cmin","Cdom7","Dvorak","String Quartet 12, mvt. 1","Major","String Quartet"
"407",210240,"Gmin7","Dmin7","ii7","ii","Dmin7","Cmaj","Cmin","Cmin","Dvorak","String Quartet 12, mvt. 1","Major","String Quartet"
"408",210720,"Fmaj","Cmaj","I","I","Dmin7","Dmin7","Cmaj","Cmin","Dvorak","String Quartet 12, mvt. 1","Major","String Quartet"
"409",211200,"Ehalfdim7","Bhalfdim7","viiø7","viiº","Cmaj","Dmin7","Dmin7","Cmaj","Dvorak","String Quartet 12, mvt. 1","Major","String Quartet"
"410",211680,"Fmaj","Cmaj","I","I","Bhalfdim7","Cmaj","Dmin7","Dmin7","Dvorak","String Quartet 12, mvt. 1","Major","String Quartet"
"411",213000,"Fmaj","Cmaj","I","I","Cmaj","Bhalfdim7","Cmaj","Dmin7","Dvorak","String Quartet 12, mvt. 1","Major","String Quartet"
"412",213960,"A#/Bbmaj","Fmaj","IV","IV","Cmaj","Cmaj","Bhalfdim7","Cmaj","Dvorak","String Quartet 12, mvt. 1","Major","String Quartet"
"413",214020,"A#/Bbmaj","Fmaj","IV","IV","Fmaj","Cmaj","Cmaj","Bhalfdim7","Dvorak","String Quartet 12, mvt. 1","Major","String Quartet"
"414",214920,"Fmaj","Cmaj","I","I","Fmaj","Fmaj","Cmaj","Cmaj","Dvorak","String Quartet 12, mvt. 1","Major","String Quartet"
"415",219600,"Cdom7","Gdom7","V7","V","Cmaj","Fmaj","Fmaj","Cmaj","Dvorak","String Quartet 12, mvt. 1","Major","String Quartet"
"416",219840,"Fmaj","Cmaj","I","I","Gdom7","Cmaj","Fmaj","Fmaj","Dvorak","String Quartet 12, mvt. 1","Major","String Quartet"
"417",221760,"Fmaj","Cmaj","I","I","Cmaj","Gdom7","Cmaj","Fmaj","Dvorak","String Quartet 12, mvt. 1","Major","String Quartet"
"418",222120,"Dmin","Amin","vi","vi","Cmaj","Cmaj","Gdom7","Cmaj","Dvorak","String Quartet 12, mvt. 1","Major","String Quartet"
"419",222240,"Dmin","Amin","vi","vi","Amin","Cmaj","Cmaj","Gdom7","Dvorak","String Quartet 12, mvt. 1","Major","String Quartet"
"420",222480,"Fmaj","Cmaj","I","I","Amin","Amin","Cmaj","Cmaj","Dvorak","String Quartet 12, mvt. 1","Major","String Quartet"
"421",222720,"Amin","Emin","iii","iii","Cmaj","Amin","Amin","Cmaj","Dvorak","String Quartet 12, mvt. 1","Major","String Quartet"
"422",222960,"Dmin","Amin","vi","vi","Emin","Cmaj","Amin","Amin","Dvorak","String Quartet 12, mvt. 1","Major","String Quartet"
"423",223200,"Fmaj","Cmaj","I","I","Amin","Emin","Cmaj","Amin","Dvorak","String Quartet 12, mvt. 1","Major","String Quartet"
"424",225360,"Dmin","Amin","vi","vi","Cmaj","Amin","Emin","Cmaj","Dvorak","String Quartet 12, mvt. 1","Major","String Quartet"
"425",225420,"Fmaj","Cmaj","I","I","Amin","Cmaj","Amin","Emin","Dvorak","String Quartet 12, mvt. 1","Major","String Quartet"
"426",225600,"Fmaj","Cmaj","I","I","Cmaj","Amin","Cmaj","Amin","Dvorak","String Quartet 12, mvt. 1","Major","String Quartet"
"427",225660,"Fmaj","Cmaj","I","I","Cmaj","Cmaj","Amin","Cmaj","Dvorak","String Quartet 12, mvt. 1","Major","String Quartet"
"428",225720,"Dmin7","Amin7","vi7","vi","Cmaj","Cmaj","Cmaj","Amin","Dvorak","String Quartet 12, mvt. 1","Major","String Quartet"
"429",225780,"Fmaj","Cmaj","I","I","Amin7","Cmaj","Cmaj","Cmaj","Dvorak","String Quartet 12, mvt. 1","Major","String Quartet"
"430",225840,"Fmaj","Cmaj","I","I","Cmaj","Amin7","Cmaj","Cmaj","Dvorak","String Quartet 12, mvt. 1","Major","String Quartet"
"431",225900,"Fmaj","Cmaj","I","I","Cmaj","Cmaj","Amin7","Cmaj","Dvorak","String Quartet 12, mvt. 1","Major","String Quartet"
"432",225960,"Dmin7","Amin7","vi7","vi","Cmaj","Cmaj","Cmaj","Amin7","Dvorak","String Quartet 12, mvt. 1","Major","String Quartet"
"433",226020,"Fmaj","Cmaj","I","I","Amin7","Cmaj","Cmaj","Cmaj","Dvorak","String Quartet 12, mvt. 1","Major","String Quartet"
"434",226200,"Dmin","Amin","vi","vi","Cmaj","Amin7","Cmaj","Cmaj","Dvorak","String Quartet 12, mvt. 1","Major","String Quartet"
"435",226260,"Fmaj","Cmaj","I","I","Amin","Cmaj","Amin7","Cmaj","Dvorak","String Quartet 12, mvt. 1","Major","String Quartet"
"436",226440,"Dmin","Amin","vi","vi","Cmaj","Amin","Cmaj","Amin7","Dvorak","String Quartet 12, mvt. 1","Major","String Quartet"
"437",226500,"Fmaj","Cmaj","I","I","Amin","Cmaj","Amin","Cmaj","Dvorak","String Quartet 12, mvt. 1","Major","String Quartet"
"438",226560,"Fmaj","Cmaj","I","I","Cmaj","Amin","Cmaj","Amin","Dvorak","String Quartet 12, mvt. 1","Major","String Quartet"
"439",227520,"Fmaj","Cmaj","I","I","Cmaj","Cmaj","Amin","Cmaj","Dvorak","String Quartet 12, mvt. 1","Major","String Quartet"
"440",229200,"Fmaj","Cmaj","I","I","Cmaj","Cmaj","Cmaj","Amin","Dvorak","String Quartet 12, mvt. 1","Major","String Quartet"
"441",229440,"Fmaj","Cmaj","I","I","Cmaj","Cmaj","Cmaj","Cmaj","Dvorak","String Quartet 12, mvt. 1","Major","String Quartet"
"442",9000,"Dmin","Amin","vi","vi","Cmaj","Cmaj","Cmaj","Cmaj","Dvorak","String Quartet 12, mvt. 1","Major","String Quartet"
"443",9480,"Fmaj","Cmaj","I","I","Amin","Cmaj","Cmaj","Cmaj","Dvorak","String Quartet 12, mvt. 1","Major","String Quartet"
"444",10200,"Fmaj","Cmaj","I","I","Cmaj","Amin","Cmaj","Cmaj","Dvorak","String Quartet 12, mvt. 1","Major","String Quartet"
"445",15540,"Gmin","Dmin","ii","ii","Cmaj","Cmaj","Amin","Cmaj","Dvorak","String Quartet 12, mvt. 1","Major","String Quartet"
"446",15780,"Gmin","Dmin","ii","ii","Dmin","Cmaj","Cmaj","Amin","Dvorak","String Quartet 12, mvt. 1","Major","String Quartet"
"447",16020,"Gmin","Dmin","ii","ii","Dmin","Dmin","Cmaj","Cmaj","Dvorak","String Quartet 12, mvt. 1","Major","String Quartet"
"448",16260,"Gmin","Dmin","ii","ii","Dmin","Dmin","Dmin","Cmaj","Dvorak","String Quartet 12, mvt. 1","Major","String Quartet"
"449",32100,"Fmin","Cmin","i","i","Dmin","Dmin","Dmin","Dmin","Dvorak","String Quartet 12, mvt. 1","Major","String Quartet"
"450",41280,"Amin","Emin","iii","iii","Cmin","Dmin","Dmin","Dmin","Dvorak","String Quartet 12, mvt. 1","Major","String Quartet"
"451",53520,"Cmaj","Gmaj","V","V","Emin","Cmin","Dmin","Dmin","Dvorak","String Quartet 12, mvt. 1","Major","String Quartet"
"452",67560,"Dmin","Amin","vi","vi","Gmaj","Emin","Cmin","Dmin","Dvorak","String Quartet 12, mvt. 1","Major","String Quartet"
"453",68040,"Fmaj","Cmaj","I","I","Amin","Gmaj","Emin","Cmin","Dvorak","String Quartet 12, mvt. 1","Major","String Quartet"
"454",68760,"Fmaj","Cmaj","I","I","Cmaj","Amin","Gmaj","Emin","Dvorak","String Quartet 12, mvt. 1","Major","String Quartet"
"455",74100,"Gmin","Dmin","ii","ii","Cmaj","Cmaj","Amin","Gmaj","Dvorak","String Quartet 12, mvt. 1","Major","String Quartet"
"456",74340,"Gmin","Dmin","ii","ii","Dmin","Cmaj","Cmaj","Amin","Dvorak","String Quartet 12, mvt. 1","Major","String Quartet"
"457",74580,"Gmin","Dmin","ii","ii","Dmin","Dmin","Cmaj","Cmaj","Dvorak","String Quartet 12, mvt. 1","Major","String Quartet"
"458",74820,"Gmin","Dmin","ii","ii","Dmin","Dmin","Dmin","Cmaj","Dvorak","String Quartet 12, mvt. 1","Major","String Quartet"
"459",90660,"Fmin","Cmin","i","i","Dmin","Dmin","Dmin","Dmin","Dvorak","String Quartet 12, mvt. 1","Major","String Quartet"
"460",99840,"Amin","Emin","iii","iii","Cmin","Dmin","Dmin","Dmin","Dvorak","String Quartet 12, mvt. 1","Major","String Quartet"
"461",112080,"Cmaj","Gmaj","V","V","Emin","Cmin","Dmin","Dmin","Dvorak","String Quartet 12, mvt. 1","Major","String Quartet"
"462",138000,"Dmaj","Amaj","VI","VI","Gmaj","Emin","Cmin","Dmin","Dvorak","String Quartet 12, mvt. 1","Major","String Quartet"
"463",138240,"Dmaj","Amaj","VI","VI","Amaj","Gmaj","Emin","Cmin","Dvorak","String Quartet 12, mvt. 1","Major","String Quartet"
"464",138720,"Dmaj","Amaj","VI","VI","Amaj","Amaj","Gmaj","Emin","Dvorak","String Quartet 12, mvt. 1","Major","String Quartet"
"465",139320,"Dmaj","Amaj","VI","VI","Amaj","Amaj","Amaj","Gmaj","Dvorak","String Quartet 12, mvt. 1","Major","String Quartet"
"466",140400,"Dmaj","Amaj","VI","VI","Amaj","Amaj","Amaj","Amaj","Dvorak","String Quartet 12, mvt. 1","Major","String Quartet"
"467",141240,"Dmaj","Amaj","VI","VI","Amaj","Amaj","Amaj","Amaj","Dvorak","String Quartet 12, mvt. 1","Major","String Quartet"
"468",172200,"Fmaj","Cmaj","I","I","Amaj","Amaj","Amaj","Amaj","Dvorak","String Quartet 12, mvt. 1","Major","String Quartet"
"469",172680,"Fmaj","Cmaj","I","I","Cmaj","Amaj","Amaj","Amaj","Dvorak","String Quartet 12, mvt. 1","Major","String Quartet"
"470",183240,"Gmin","Dmin","ii","ii","Cmaj","Cmaj","Amaj","Amaj","Dvorak","String Quartet 12, mvt. 1","Major","String Quartet"
"471",185160,"A#/Bbmin","Fmin","iv","iv","Dmin","Cmaj","Cmaj","Amaj","Dvorak","String Quartet 12, mvt. 1","Major","String Quartet"
"472",218880,"Fmaj","Cmaj","I","I","Fmin","Dmin","Cmaj","Cmaj","Dvorak","String Quartet 12, mvt. 1","Major","String Quartet"
"473",224880,"Dmin","Amin","vi","vi","Cmaj","Fmin","Dmin","Cmaj","Dvorak","String Quartet 12, mvt. 1","Major","String Quartet"
"474",224940,"Fmaj","Cmaj","I","I","Amin","Cmaj","Fmin","Dmin","Dvorak","String Quartet 12, mvt. 1","Major","String Quartet"
"475",213120,"A#/Bbmaj","Fmaj","IV","IV","Cmaj","Amin","Cmaj","Fmin","Dvorak","String Quartet 12, mvt. 1","Major","String Quartet"
"476",214080,"A#/Bbmaj","Fmaj","IV","IV","Fmaj","Cmaj","Amin","Cmaj","Dvorak","String Quartet 12, mvt. 1","Major","String Quartet"
"477",214320,"Gmin","Dmin","ii","ii","Fmaj","Fmaj","Cmaj","Amin","Dvorak","String Quartet 12, mvt. 1","Major","String Quartet"
"478",227400,"Dmin","Amin","vi","vi","Dmin","Fmaj","Fmaj","Cmaj","Dvorak","String Quartet 12, mvt. 1","Major","String Quartet"
"479",227460,"Fmaj","Cmaj","I","I","Amin","Dmin","Fmaj","Fmaj","Dvorak","String Quartet 12, mvt. 1","Major","String Quartet"
"480",228360,"Dmin","Amin","vi","vi","Cmaj","Amin","Dmin","Fmaj","Dvorak","String Quartet 12, mvt. 1","Major","String Quartet"
"481",228420,"Fmaj","Cmaj","I","I","Amin","Cmaj","Amin","Dmin","Dvorak","String Quartet 12, mvt. 1","Major","String Quartet"
